{
  "interior_countries": [
    "Australia",
    "Belgium",
    "Canada",
    "Chile",
    "Colombia",
    "Denmark",
    "Iceland",
    "Republic of Korea",
    "Luxembourg",
    "Norway",
    "Slovakia",
    "Slovenia",
    "Sweden",
    "United Kingdom"
  ],
  "boundary_countries": [
    "Austria",
    "China",
    "Costa Rica",
    "Czech Republic",
    "Estonia",
    "Finland",
    "France",
    "Germany",
    "Greece",
    "Hungary",
    "Ireland",
    "Israel",
    "Italy",
    "Japan",
    "Latvia",
    "Lithuania",
    "Mexico",
    "Netherlands",
    "New Zealand",
    "Poland",
    "Portugal",
    "Spain",
    "Switzerland",
    "Turkey",
    "United States"
  ],
  "n_interior": 14,
  "n_boundary": 25,
  "interior_M0_median": 4.265528651177536,
  "interior_M0_mean": 4.651951213868173,
  "interior_M1_median": 4.23325228272194,
  "interior_M1_mean": 4.577776474271206,
  "interior_M2_median": 4.457054071996667,
  "interior_M2_mean": 4.531433392864355,
  "interior_M3_median": 4.479679781480414,
  "interior_M3_mean": 4.7164701760491585,
  "interior_M4_median": 4.483072873295087,
  "interior_M4_mean": 4.578853933136136,
  "boundary_M0_median": 4.722067800274353,
  "boundary_M0_mean": 5.642367641476266,
  "boundary_M1_median": 3.977501501771582,
  "boundary_M1_mean": 5.406814129136327,
  "boundary_M2_median": 3.8299219731112744,
  "boundary_M2_mean": 5.518577296423314,
  "boundary_M3_median": 4.722067800274353,
  "boundary_M3_mean": 6.237012806243394,
  "boundary_M4_median": 4.606208776338525,
  "boundary_M4_mean": 6.773342723605952,
  "all_M0_median": 4.604704417932623,
  "all_M0_mean": 5.286833539257976,
  "all_M1_median": 4.0580237422905325,
  "all_M1_mean": 5.109210868415515,
  "all_M2_median": 3.9855050190188646,
  "all_M2_mean": 5.164217946427792,
  "all_M3_median": 4.722067800274353,
  "all_M3_mean": 5.691176990276232,
  "all_M4_median": 4.606208776338525,
  "all_M4_mean": 5.985577516770632
}