{
  "M0_dir_acc_median": 100.0,
  "M0_cwon_rmse_median": 0.00849623477175188,
  "M1_dir_acc_median": 100.0,
  "M1_cwon_rmse_median": 0.007660248934993531,
  "M2_dir_acc_median": 100.0,
  "M2_cwon_rmse_median": 0.0072229061424158416,
  "M3_dir_acc_median": 100.0,
  "M3_cwon_rmse_median": 0.00849623477175188,
  "M4_dir_acc_median": 100.0,
  "M4_cwon_rmse_median": 0.008461740548657934
}