{
  "n_countries": 39,
  "M0_intercept": 0.7216480825489364,
  "M0_slope": 0.05356144765639693,
  "M0_R2": 0.08203242494007967,
  "M0_t_stat": 1.818360406610486,
  "M0_n": 39,
  "M4_intercept": 0.715763814294729,
  "M4_slope": 0.06812120860129825,
  "M4_R2": 0.12866120239817513,
  "M4_t_stat": 2.3373897697409394,
  "M4_n": 39,
  "countries": [
    "Australia",
    "Austria",
    "Belgium",
    "Canada",
    "Chile",
    "China",
    "Colombia",
    "Costa Rica",
    "Czech Republic",
    "Denmark",
    "Estonia",
    "Finland",
    "France",
    "Germany",
    "Greece",
    "Hungary",
    "Iceland",
    "Ireland",
    "Israel",
    "Italy",
    "Japan",
    "Republic of Korea",
    "Latvia",
    "Lithuania",
    "Luxembourg",
    "Mexico",
    "Netherlands",
    "New Zealand",
    "Norway",
    "Poland",
    "Portugal",
    "Slovakia",
    "Slovenia",
    "Spain",
    "Sweden",
    "Switzerland",
    "Turkey",
    "United Kingdom",
    "United States"
  ],
  "iso3": [
    "AUS",
    "AUT",
    "BEL",
    "CAN",
    "CHL",
    "CHN",
    "COL",
    "CRI",
    "CZE",
    "DNK",
    "EST",
    "FIN",
    "FRA",
    "DEU",
    "GRC",
    "HUN",
    "ISL",
    "IRL",
    "ISR",
    "ITA",
    "JPN",
    "KOR",
    "LVA",
    "LTU",
    "LUX",
    "MEX",
    "NLD",
    "NZL",
    "NOR",
    "POL",
    "PRT",
    "SVK",
    "SVN",
    "ESP",
    "SWE",
    "CHE",
    "TUR",
    "GBR",
    "USA"
  ],
  "rnd_intensity": [
    1.9485323076923076,
    2.4824216666666667,
    2.127088333333333,
    1.8123975,
    0.359723076923077,
    1.43812125,
    0.21851499999999996,
    0.41644800000000004,
    1.384415833333333,
    2.604575833333333,
    1.2079127272727275,
    3.1519208333333335,
    2.16012625,
    2.5896875000000006,
    0.7519085000000001,
    1.0489625,
    2.3398790000000007,
    1.2669133333333331,
    3.960485,
    1.1649866666666668,
    3.0825724999999995,
    2.9655416666666667,
    0.5345654166666666,
    0.77614375,
    1.4069677777777776,
    0.3597945833333333,
    1.8711987499999996,
    1.18496,
    1.7033676190476192,
    0.7547004166666668,
    1.0619525,
    0.7000758333333333,
    1.7587233333333334,
    1.11616125,
    3.3568534999999997,
    2.752295,
    0.7270949999999999,
    1.8036216666666665,
    2.6734708333333335
  ],
  "M0_rho2": [
    0.7392669141816343,
    0.9674174540714373,
    1.0403780862709557,
    0.7609835605630838,
    0.7985419736919418,
    0.6754864527218072,
    0.7178123781586009,
    0.9789478873831603,
    0.8361029158402081,
    0.9143381019948487,
    0.8010696486571339,
    0.705769019280061,
    0.8250048464951016,
    0.6968877439606064,
    0.6143703454105905,
    0.7993589609414755,
    0.9073331839352949,
    0.7703961034083388,
    0.80856227819264,
    0.9256945647194563,
    1.3102610697445056,
    0.8602661953087166,
    0.4655806683987148,
    0.7909161290451745,
    0.9614371005044295,
    0.817338262527372,
    0.8344630791099307,
    0.6522997003549966,
    0.6552499793314935,
    0.5979010540277279,
    1.0806651185261393,
    0.745963449588482,
    0.6421436269146527,
    0.8756772423239932,
    1.1623556120846852,
    0.3959526599105774,
    0.6380770843392937,
    1.0086535892015134,
    0.8481887314310951
  ],
  "M4_rho2": [
    0.7475463548061838,
    1.0013368180823001,
    1.021355716027235,
    0.7621505167252605,
    0.8671967672323101,
    0.677121881151702,
    0.7244508423211389,
    0.9791343620659189,
    0.8331840752956503,
    0.9267626843828366,
    0.8009590859299106,
    0.7057571880916438,
    0.8247506711466459,
    0.857820096660261,
    0.6234660821506549,
    0.8034282599212065,
    0.909654900086557,
    0.770255225866182,
    0.9317471328079243,
    0.9279970285848422,
    1.311852360621365,
    1.0028315856360481,
    0.464456862187181,
    0.7904831077471278,
    0.9986739537189603,
    0.8460837748540405,
    0.8856177899081281,
    0.6511982347687973,
    0.6563982951593068,
    0.5978054170071034,
    1.0819303023019966,
    0.7456734103092194,
    0.6467917260264637,
    0.8764461387458524,
    1.1247409747595853,
    0.398378567372265,
    0.638123492779895,
    1.030362716126954,
    0.9004515680204757
  ]
}